INSERT INTO LOCATION_TYPE(LOCATION_TYPE_CODE, LOCATION_TYPE_DESCRIPTION)
VALUES ('1', 'PAIS');

INSERT INTO LOCATION_TYPE (LOCATION_TYPE_CODE, LOCATION_TYPE_DESCRIPTION)
VALUES ('2', 'DEPARTAMENTO');

INSERT INTO LOCATION_TYPE (LOCATION_TYPE_CODE, LOCATION_TYPE_DESCRIPTION)
VALUES ('3', 'CIUDAD');

INSERT INTO LOCATION_TYPE (LOCATION_TYPE_CODE, LOCATION_TYPE_DESCRIPTION)
VALUES ('4', 'ÁREA');

INSERT INTO LOCATION_TYPE (LOCATION_TYPE_CODE, LOCATION_TYPE_DESCRIPTION)
VALUES ('5', 'PROVINCIA');

INSERT INTO LOCATION (LOCATION_CODE, LOCATION_NAME, LOCATION_TYPE_CODE, PARENT_LOCATION)
VALUES ('57', 'Colombia', '1', NULL);

INSERT INTO LOCATION (LOCATION_CODE, LOCATION_NAME, LOCATION_TYPE_CODE, PARENT_LOCATION)
VALUES ('1', 'E.U', '1', NULL);

INSERT INTO LOCATION (LOCATION_CODE, LOCATION_NAME, LOCATION_TYPE_CODE, PARENT_LOCATION)
VALUES ('34', 'España', '1', NULL);

INSERT INTO LOCATION (LOCATION_CODE, LOCATION_NAME, LOCATION_TYPE_CODE, PARENT_LOCATION)
VALUES ('54', 'Argentina', '1', NULL);

INSERT INTO LOCATION (LOCATION_CODE, LOCATION_NAME, LOCATION_TYPE_CODE, PARENT_LOCATION)
VALUES ('05', 'Antioquia', '2', '57');

INSERT INTO LOCATION (LOCATION_CODE, LOCATION_NAME, LOCATION_TYPE_CODE, PARENT_LOCATION)
VALUES ('81', 'Arauca', '2', '57');

INSERT INTO LOCATION (LOCATION_CODE, LOCATION_NAME, LOCATION_TYPE_CODE, PARENT_LOCATION)
VALUES ('11', 'Bogotá D.C.', '2', '57');

INSERT INTO LOCATION (LOCATION_CODE, LOCATION_NAME, LOCATION_TYPE_CODE, PARENT_LOCATION)
VALUES ('15', 'Boyacá', '2', '57');

INSERT INTO LOCATION (LOCATION_CODE, LOCATION_NAME, LOCATION_TYPE_CODE, PARENT_LOCATION)
VALUES ('25', 'Cundinamarca', '2', '57');

INSERT INTO LOCATION (LOCATION_CODE, LOCATION_NAME, LOCATION_TYPE_CODE, PARENT_LOCATION)
VALUES ('205', 'Alabama', '4', '1');

INSERT INTO LOCATION (LOCATION_CODE, LOCATION_NAME, LOCATION_TYPE_CODE, PARENT_LOCATION)
VALUES ('907', 'Alaska', '4', '1');

INSERT INTO LOCATION (LOCATION_CODE, LOCATION_NAME, LOCATION_TYPE_CODE, PARENT_LOCATION)
VALUES ('209', 'California', '4', '1');

INSERT INTO CONTENT_TYPE(CONTENT_TYPE_ID, TYPE_DESCRIPTION)
VALUES (1, 'Imagen');

INSERT INTO CONTENT_TYPE(CONTENT_TYPE_ID, TYPE_DESCRIPTION)
VALUES (2, 'Texto');

INSERT INTO CONTENT_TYPE(CONTENT_TYPE_ID, TYPE_DESCRIPTION)
VALUES (3, 'Emoji');

INSERT INTO CONTENT_TYPE(CONTENT_TYPE_ID, TYPE_DESCRIPTION)
VALUES (4, 'Url');

INSERT INTO CONTENT_TYPE(CONTENT_TYPE_ID, TYPE_DESCRIPTION)
VALUES (5, 'Video');

INSERT INTO FILE_TYPE(FILE_TYPE_ID, FILE_TYPE_DESCRIPTION)
VALUES ('PDF', 'Documento Portable');

INSERT INTO FILE_TYPE(FILE_TYPE_ID, FILE_TYPE_DESCRIPTION)
VALUES ('DOC', 'Documento');

INSERT INTO FILE_TYPE(FILE_TYPE_ID, FILE_TYPE_DESCRIPTION)
VALUES ('XLS', 'Hoja de Cálculo');

INSERT INTO FILE_TYPE(FILE_TYPE_ID, FILE_TYPE_DESCRIPTION)
VALUES ('GIF', 'Imagen Animada');

INSERT INTO FILE_TYPE(FILE_TYPE_ID, FILE_TYPE_DESCRIPTION)
VALUES ('BMP', 'Imagen');

INSERT INTO FILE_TYPE(FILE_TYPE_ID, FILE_TYPE_DESCRIPTION)
VALUES ('MP4', 'Video');

INSERT INTO FILE_TYPE(FILE_TYPE_ID, FILE_TYPE_DESCRIPTION)
VALUES ('AVI', 'Video');

INSERT INTO FILE_TYPE(FILE_TYPE_ID, FILE_TYPE_DESCRIPTION)
VALUES ('MP3', 'Música');

INSERT INTO FILE_TYPE(FILE_TYPE_ID, FILE_TYPE_DESCRIPTION)
VALUES ('EXE', 'Ejecutable');

COMMIT;

--- Inserción de 10 Usuarios ---
INSERT INTO SOCIAL_UD.SOCIAL_USER (USER_ID, USER_NAME, USER_LAST_NAME, USER_UNIQUE_NAME, REGISTRATION_DATE, EMAIL, PHONE, IMAGE, THEME, FINGERPRINT, LOCATION_CODE)
VALUES (LPAD(SOCIAL_UD.USER_ID_SEQ.NEXTVAL, 5, '0'), 'Ana', 'Gomez', 'ANA001', SYSDATE, 'ana.gomez@example.com', '573101234567', null, null, null, '57');

INSERT INTO SOCIAL_UD.SOCIAL_USER (USER_ID, USER_NAME, USER_LAST_NAME, USER_UNIQUE_NAME, REGISTRATION_DATE, EMAIL, PHONE, IMAGE, THEME, FINGERPRINT, LOCATION_CODE)
VALUES (LPAD(SOCIAL_UD.USER_ID_SEQ.NEXTVAL, 5, '0'), 'Luis', 'Perez', 'LUIS02', SYSDATE, 'luis.perez@example.com', '120298765432', null, null, null, '1');

INSERT INTO SOCIAL_UD.SOCIAL_USER (USER_ID, USER_NAME, USER_LAST_NAME, USER_UNIQUE_NAME, REGISTRATION_DATE, EMAIL, PHONE, IMAGE, THEME, FINGERPRINT, LOCATION_CODE)
VALUES (LPAD(SOCIAL_UD.USER_ID_SEQ.NEXTVAL, 5, '0'), 'Maria', 'Lopez', 'MARI03', SYSDATE, 'maria.lopez@example.com', '34600112233', null, null, null, '34');

INSERT INTO SOCIAL_UD.SOCIAL_USER (USER_ID, USER_NAME, USER_LAST_NAME, USER_UNIQUE_NAME, REGISTRATION_DATE, EMAIL, PHONE, IMAGE, THEME, FINGERPRINT, LOCATION_CODE)
VALUES (LPAD(SOCIAL_UD.USER_ID_SEQ.NEXTVAL, 5, '0'), 'Carlos', 'Garcia', 'CARL04', SYSDATE, 'carlos.garcia@example.com', '549114567890', null, null, null, '54');

INSERT INTO SOCIAL_UD.SOCIAL_USER (USER_ID, USER_NAME, USER_LAST_NAME, USER_UNIQUE_NAME, REGISTRATION_DATE, EMAIL, PHONE, IMAGE, THEME, FINGERPRINT, LOCATION_CODE)
VALUES (LPAD(SOCIAL_UD.USER_ID_SEQ.NEXTVAL, 5, '0'), 'Sofia', 'Rodriguez', 'SOFI05', SYSDATE, 'sofia.rodriguez@example.com', '573209876543', null, null, null, '57');

INSERT INTO SOCIAL_UD.SOCIAL_USER (USER_ID, USER_NAME, USER_LAST_NAME, USER_UNIQUE_NAME, REGISTRATION_DATE, EMAIL, PHONE, IMAGE, THEME, FINGERPRINT, LOCATION_CODE)
VALUES (LPAD(SOCIAL_UD.USER_ID_SEQ.NEXTVAL, 5, '0'), 'Pedro', 'Martinez', 'PEDR06', SYSDATE, 'pedro.martinez@example.com', '120212345678', null, null, null, '1');

INSERT INTO SOCIAL_UD.SOCIAL_USER (USER_ID, USER_NAME, USER_LAST_NAME, USER_UNIQUE_NAME, REGISTRATION_DATE, EMAIL, PHONE, IMAGE, THEME, FINGERPRINT, LOCATION_CODE)
VALUES (LPAD(SOCIAL_UD.USER_ID_SEQ.NEXTVAL, 5, '0'), 'Laura', 'Fernandez', 'LAUR07', SYSDATE, 'laura.fernandez@example.com', '34654332211', null, null, null, '34');

INSERT INTO SOCIAL_UD.SOCIAL_USER (USER_ID, USER_NAME, USER_LAST_NAME, USER_UNIQUE_NAME, REGISTRATION_DATE, EMAIL, PHONE, IMAGE, THEME, FINGERPRINT, LOCATION_CODE)
VALUES (LPAD(SOCIAL_UD.USER_ID_SEQ.NEXTVAL, 5, '0'), 'Diego', 'Sanchez', 'DIEG08', SYSDATE, 'diego.sanchez@example.com', '549119876543', null, null, null, '54');

INSERT INTO SOCIAL_UD.SOCIAL_USER (USER_ID, USER_NAME, USER_LAST_NAME, USER_UNIQUE_NAME, REGISTRATION_DATE, EMAIL, PHONE, IMAGE, THEME, FINGERPRINT, LOCATION_CODE)
VALUES (LPAD(SOCIAL_UD.USER_ID_SEQ.NEXTVAL, 5, '0'), 'Paula', 'Ramirez', 'PAUL09', SYSDATE, 'paula.ramirez@example.com', '573155678901', null, null, null, '57');

INSERT INTO SOCIAL_UD.SOCIAL_USER (USER_ID, USER_NAME, USER_LAST_NAME, USER_UNIQUE_NAME, REGISTRATION_DATE, EMAIL, PHONE, IMAGE, THEME, FINGERPRINT, LOCATION_CODE)
VALUES (LPAD(SOCIAL_UD.USER_ID_SEQ.NEXTVAL, 5, '0'), 'Gabriel', 'Torres', 'GABR10', SYSDATE, 'gabriel.torres@example.com', '120234567890', null, null, null, '1');

COMMIT;
--- Inserción de Amistades (3 por cada usuario) ---

-- Amistades para U00001 (Ana)
INSERT INTO SOCIAL_UD.USER_FRIENDSHIP (USER_A, USER_B)
VALUES ('00001', '00002');
INSERT INTO SOCIAL_UD.USER_FRIENDSHIP (USER_A, USER_B)
VALUES ('00001', '00003');
INSERT INTO SOCIAL_UD.USER_FRIENDSHIP (USER_A, USER_B)
VALUES ('00001', '00004');

-- Amistades para U00002 (Luis)
INSERT INTO SOCIAL_UD.USER_FRIENDSHIP (USER_A, USER_B)
VALUES ('00002', '00001');
INSERT INTO SOCIAL_UD.USER_FRIENDSHIP (USER_A, USER_B)
VALUES ('00002', '00005');
INSERT INTO SOCIAL_UD.USER_FRIENDSHIP (USER_A, USER_B)
VALUES ('00002', '00006');

-- Amistades para U00003 (Maria)
INSERT INTO SOCIAL_UD.USER_FRIENDSHIP (USER_A, USER_B)
VALUES ('00003', '00001');
INSERT INTO SOCIAL_UD.USER_FRIENDSHIP (USER_A, USER_B)
VALUES ('00003', '00007');
INSERT INTO SOCIAL_UD.USER_FRIENDSHIP (USER_A, USER_B)
VALUES ('00003', '00008');

-- Amistades para U00004 (Carlos)
INSERT INTO SOCIAL_UD.USER_FRIENDSHIP (USER_A, USER_B)
VALUES ('00004', '00001');
INSERT INTO SOCIAL_UD.USER_FRIENDSHIP (USER_A, USER_B)
VALUES ('00004', '00009');
INSERT INTO SOCIAL_UD.USER_FRIENDSHIP (USER_A, USER_B)
VALUES ('00004', '00010');

-- Amistades para U00005 (Sofia)
INSERT INTO SOCIAL_UD.USER_FRIENDSHIP (USER_A, USER_B)
VALUES ('00005', '00002');
INSERT INTO SOCIAL_UD.USER_FRIENDSHIP (USER_A, USER_B)
VALUES ('00005', '00007');
INSERT INTO SOCIAL_UD.USER_FRIENDSHIP (USER_A, USER_B)
VALUES ('00005', '00009');

-- Amistades para U00006 (Pedro)
INSERT INTO SOCIAL_UD.USER_FRIENDSHIP (USER_A, USER_B)
VALUES ('00006', '00002');
INSERT INTO SOCIAL_UD.USER_FRIENDSHIP (USER_A, USER_B)
VALUES ('00006', '00008');
INSERT INTO SOCIAL_UD.USER_FRIENDSHIP (USER_A, USER_B)
VALUES ('00006', '00010');

-- Amistades para U00007 (Laura)
INSERT INTO SOCIAL_UD.USER_FRIENDSHIP (USER_A, USER_B)
VALUES ('00007', '00003');
INSERT INTO SOCIAL_UD.USER_FRIENDSHIP (USER_A, USER_B)
VALUES ('00007', '00005');
INSERT INTO SOCIAL_UD.USER_FRIENDSHIP (USER_A, USER_B)
VALUES ('00007', '00009');

-- Amistades para U00008 (Diego)
INSERT INTO SOCIAL_UD.USER_FRIENDSHIP (USER_A, USER_B)
VALUES ('00008', '00003');
INSERT INTO SOCIAL_UD.USER_FRIENDSHIP (USER_A, USER_B)
VALUES ('00008', '00006');
INSERT INTO SOCIAL_UD.USER_FRIENDSHIP (USER_A, USER_B)
VALUES ('00008', '00010');

-- Amistades para U00009 (Paula)
INSERT INTO SOCIAL_UD.USER_FRIENDSHIP (USER_A, USER_B)
VALUES ('00009', '00004');
INSERT INTO SOCIAL_UD.USER_FRIENDSHIP (USER_A, USER_B)
VALUES ('00009', '00005');
INSERT INTO SOCIAL_UD.USER_FRIENDSHIP (USER_A, USER_B)
VALUES ('00009', '00007');

-- Amistades para U00010 (Gabriel)
INSERT INTO SOCIAL_UD.USER_FRIENDSHIP (USER_A, USER_B)
VALUES ('00010', '00004');
INSERT INTO SOCIAL_UD.USER_FRIENDSHIP (USER_A, USER_B)
VALUES ('00010', '00006');
INSERT INTO SOCIAL_UD.USER_FRIENDSHIP (USER_A, USER_B)
VALUES ('00010', '00008');

COMMIT;

--- Inserción de 3 Grupos ---

INSERT INTO SOCIAL_UD.SOCIAL_GROUP (GROUP_ID, CREATOR_USER_ID, GROUP_NAME, REGISTRATION_DATE, GROUP_IMAGE)
VALUES (SOCIAL_UD.GROUP_ID_SEQ.NEXTVAL, '00001', 'Amigos de Tecnología', SYSDATE, EMPTY_BLOB());

INSERT INTO SOCIAL_UD.SOCIAL_GROUP (GROUP_ID, CREATOR_USER_ID, GROUP_NAME, REGISTRATION_DATE, GROUP_IMAGE)
VALUES (SOCIAL_UD.GROUP_ID_SEQ.NEXTVAL, '00002', 'Grupo de Lectura', SYSDATE, EMPTY_BLOB());

INSERT INTO SOCIAL_UD.SOCIAL_GROUP (GROUP_ID, CREATOR_USER_ID, GROUP_NAME, REGISTRATION_DATE, GROUP_IMAGE)
VALUES (SOCIAL_UD.GROUP_ID_SEQ.NEXTVAL, '00003', 'Viajeros del Mundo', SYSDATE, EMPTY_BLOB());
COMMIT;

--- Inserción de Membresía de Grupos (6 miembros por grupo) ---

-- Miembros para el Grupo 1 (ID: 1 - Amigos de Tecnología)
INSERT INTO SOCIAL_UD.GROUP_MEMBERSHIP (GROUP_ID, USER_ID)
VALUES (1, '00001');
INSERT INTO SOCIAL_UD.GROUP_MEMBERSHIP (GROUP_ID, USER_ID)
VALUES (1, '00002');
INSERT INTO SOCIAL_UD.GROUP_MEMBERSHIP (GROUP_ID, USER_ID)
VALUES (1, '00003');
INSERT INTO SOCIAL_UD.GROUP_MEMBERSHIP (GROUP_ID, USER_ID)
VALUES (1, '00004');
INSERT INTO SOCIAL_UD.GROUP_MEMBERSHIP (GROUP_ID, USER_ID)
VALUES (1, '00005');
INSERT INTO SOCIAL_UD.GROUP_MEMBERSHIP (GROUP_ID, USER_ID)
VALUES (1, '00006');

-- Miembros para el Grupo 2 (ID: 2 - Grupo de Lectura)
INSERT INTO SOCIAL_UD.GROUP_MEMBERSHIP (GROUP_ID, USER_ID)
VALUES (2, '00002');
INSERT INTO SOCIAL_UD.GROUP_MEMBERSHIP (GROUP_ID, USER_ID)
VALUES (2, '00007');
INSERT INTO SOCIAL_UD.GROUP_MEMBERSHIP (GROUP_ID, USER_ID)
VALUES (2, '00008');
INSERT INTO SOCIAL_UD.GROUP_MEMBERSHIP (GROUP_ID, USER_ID)
VALUES (2, '00009');
INSERT INTO SOCIAL_UD.GROUP_MEMBERSHIP (GROUP_ID, USER_ID)
VALUES (2, '00010');
INSERT INTO SOCIAL_UD.GROUP_MEMBERSHIP (GROUP_ID, USER_ID)
VALUES (2, '00001');
-- Un usuario que también está en otro grupo

-- Miembros para el Grupo 3 (ID: 3 - Viajeros del Mundo)
INSERT INTO SOCIAL_UD.GROUP_MEMBERSHIP (GROUP_ID, USER_ID)
VALUES (3, '00003');
INSERT INTO SOCIAL_UD.GROUP_MEMBERSHIP (GROUP_ID, USER_ID)
VALUES (3, '00004');
INSERT INTO SOCIAL_UD.GROUP_MEMBERSHIP (GROUP_ID, USER_ID)
VALUES (3, '00005');
INSERT INTO SOCIAL_UD.GROUP_MEMBERSHIP (GROUP_ID, USER_ID)
VALUES (3, '00006');
INSERT INTO SOCIAL_UD.GROUP_MEMBERSHIP (GROUP_ID, USER_ID)
VALUES (3, '00007');
INSERT INTO SOCIAL_UD.GROUP_MEMBERSHIP (GROUP_ID, USER_ID)
VALUES (3, '00008');

--- Inserción de Mensajes para el Grupo 1 (ID: 1 - Amigos de Tecnología) ---

-- Mensaje 1 (Inicio de Hilo 1) - Grupo 1
INSERT INTO SOCIAL_UD.MESSAGE (MESSAGE_ID, PARENT_MESSAGE_ID, GROUP_ID, SENDER_USER_ID, RECEIVER_USER_ID, MESSAGE_DATE)
VALUES (SOCIAL_UD.MESSAGE_ID_SEQ.NEXTVAL, NULL, 1, '00001', '00002', SYSDATE);
INSERT INTO SOCIAL_UD.CONTENT (MESSAGE_ID, CONTENT_ID, CONTENT_IMAGE, CONTENT_DESCRIPTION, CONTENT_TYPE_ID, FILE_TYPE)
VALUES (SOCIAL_UD.MESSAGE_ID_SEQ.CURRVAL, 1, EMPTY_BLOB(), 'Hola a todos en el grupo!', '2', NULL);

-- Mensaje 2 (Parte de Hilo 1) - Grupo 1
INSERT INTO SOCIAL_UD.MESSAGE (MESSAGE_ID, PARENT_MESSAGE_ID, GROUP_ID, SENDER_USER_ID, RECEIVER_USER_ID, MESSAGE_DATE)
VALUES (SOCIAL_UD.MESSAGE_ID_SEQ.NEXTVAL, (SELECT MAX(MESSAGE_ID) FROM SOCIAL_UD.MESSAGE WHERE GROUP_ID = 1 AND PARENT_MESSAGE_ID IS NULL), 1, '00002', '00001', SYSDATE);
INSERT INTO SOCIAL_UD.CONTENT (MESSAGE_ID, CONTENT_ID, CONTENT_IMAGE, CONTENT_DESCRIPTION, CONTENT_TYPE_ID, FILE_TYPE)
VALUES (SOCIAL_UD.MESSAGE_ID_SEQ.CURRVAL, 1, EMPTY_BLOB(), 'Qué tal, Ana! Aquí Luis.', '2', NULL);

-- Mensaje 3 (Parte de Hilo 1) - Grupo 1
INSERT INTO SOCIAL_UD.MESSAGE (MESSAGE_ID, PARENT_MESSAGE_ID, GROUP_ID, SENDER_USER_ID, RECEIVER_USER_ID, MESSAGE_DATE)
VALUES (SOCIAL_UD.MESSAGE_ID_SEQ.NEXTVAL, (SELECT MAX(MESSAGE_ID) FROM SOCIAL_UD.MESSAGE WHERE GROUP_ID = 1 AND PARENT_MESSAGE_ID IS NULL), 1, '00003', '00001', SYSDATE);
INSERT INTO SOCIAL_UD.CONTENT (MESSAGE_ID, CONTENT_ID, CONTENT_IMAGE, CONTENT_DESCRIPTION, CONTENT_TYPE_ID, FILE_TYPE)
VALUES (SOCIAL_UD.MESSAGE_ID_SEQ.CURRVAL, 1, EMPTY_BLOB(), 'Un gusto saludarlos!', '3', NULL);
-- Emoji

-- Mensaje 4 (Imagen) - Grupo 1
INSERT INTO SOCIAL_UD.MESSAGE (MESSAGE_ID, PARENT_MESSAGE_ID, GROUP_ID, SENDER_USER_ID, RECEIVER_USER_ID, MESSAGE_DATE)
VALUES (SOCIAL_UD.MESSAGE_ID_SEQ.NEXTVAL, NULL, 1, '00004', '00005', SYSDATE);
INSERT INTO SOCIAL_UD.CONTENT (MESSAGE_ID, CONTENT_ID, CONTENT_IMAGE, CONTENT_DESCRIPTION, CONTENT_TYPE_ID, FILE_TYPE)
VALUES (SOCIAL_UD.MESSAGE_ID_SEQ.CURRVAL, 1, EMPTY_BLOB(), 'Miren esta imagen de código!', '1', 'BMP'); -- Imagen
COMMIT;

-- Mensaje 5 (Archivo) - Grupo 1
INSERT INTO SOCIAL_UD.MESSAGE (MESSAGE_ID, PARENT_MESSAGE_ID, GROUP_ID, SENDER_USER_ID, RECEIVER_USER_ID, MESSAGE_DATE)
VALUES (SOCIAL_UD.MESSAGE_ID_SEQ.NEXTVAL, NULL, 1, '00005', '00006', SYSDATE);
INSERT INTO SOCIAL_UD.CONTENT (MESSAGE_ID, CONTENT_ID, CONTENT_IMAGE, CONTENT_DESCRIPTION, CONTENT_TYPE_ID, FILE_TYPE)
VALUES (SOCIAL_UD.MESSAGE_ID_SEQ.CURRVAL, 1, EMPTY_BLOB(), 'Adjunto el documento del proyecto.', '2', 'DOC'); -- Archivo
COMMIT;

-- Mensaje 6 (Url) - Grupo 1
INSERT INTO SOCIAL_UD.MESSAGE (MESSAGE_ID, PARENT_MESSAGE_ID, GROUP_ID, SENDER_USER_ID, RECEIVER_USER_ID, MESSAGE_DATE)
VALUES (SOCIAL_UD.MESSAGE_ID_SEQ.NEXTVAL, NULL, 1, '00006', '00001', SYSDATE);
INSERT INTO SOCIAL_UD.CONTENT (MESSAGE_ID, CONTENT_ID, CONTENT_IMAGE, CONTENT_DESCRIPTION, CONTENT_TYPE_ID, FILE_TYPE)
VALUES (SOCIAL_UD.MESSAGE_ID_SEQ.CURRVAL, 1, EMPTY_BLOB(), 'Revisen este enlace: http://example.com/tech', '4', NULL);
-- Url

-- Mensaje 7 (Video) - Grupo 1
INSERT INTO SOCIAL_UD.MESSAGE (MESSAGE_ID, PARENT_MESSAGE_ID, GROUP_ID, SENDER_USER_ID, RECEIVER_USER_ID, MESSAGE_DATE)
VALUES (SOCIAL_UD.MESSAGE_ID_SEQ.NEXTVAL, NULL, 1, '00001', '00003', SYSDATE);
INSERT INTO SOCIAL_UD.CONTENT (MESSAGE_ID, CONTENT_ID, CONTENT_IMAGE, CONTENT_DESCRIPTION, CONTENT_TYPE_ID, FILE_TYPE)
VALUES (SOCIAL_UD.MESSAGE_ID_SEQ.CURRVAL, 1, EMPTY_BLOB(), 'Les comparto un video interesante.', '5', 'MP4');
-- Video

-- Mensaje 8 (Texto) - Grupo 1
INSERT INTO SOCIAL_UD.MESSAGE (MESSAGE_ID, PARENT_MESSAGE_ID, GROUP_ID, SENDER_USER_ID, RECEIVER_USER_ID, MESSAGE_DATE)
VALUES (SOCIAL_UD.MESSAGE_ID_SEQ.NEXTVAL, NULL, 1, '00002', '00004', SYSDATE);
INSERT INTO SOCIAL_UD.CONTENT (MESSAGE_ID, CONTENT_ID, CONTENT_IMAGE, CONTENT_DESCRIPTION, CONTENT_TYPE_ID, FILE_TYPE)
VALUES (SOCIAL_UD.MESSAGE_ID_SEQ.CURRVAL, 1, EMPTY_BLOB(), 'Necesitamos reunirnos pronto para el proyecto.', '2', NULL);

-- Mensaje 9 (Emoji) - Grupo 1
INSERT INTO SOCIAL_UD.MESSAGE (MESSAGE_ID, PARENT_MESSAGE_ID, GROUP_ID, SENDER_USER_ID, RECEIVER_USER_ID, MESSAGE_DATE)
VALUES (SOCIAL_UD.MESSAGE_ID_SEQ.NEXTVAL, NULL, 1, '00003', '00005', SYSDATE);
INSERT INTO SOCIAL_UD.CONTENT (MESSAGE_ID, CONTENT_ID, CONTENT_IMAGE, CONTENT_DESCRIPTION, CONTENT_TYPE_ID, FILE_TYPE)
VALUES (SOCIAL_UD.MESSAGE_ID_SEQ.CURRVAL, 1, EMPTY_BLOB(), '👍', '3', NULL);

-- Mensaje 10 (Texto) - Grupo 1
INSERT INTO SOCIAL_UD.MESSAGE (MESSAGE_ID, PARENT_MESSAGE_ID, GROUP_ID, SENDER_USER_ID, RECEIVER_USER_ID, MESSAGE_DATE)
VALUES (SOCIAL_UD.MESSAGE_ID_SEQ.NEXTVAL, NULL, 1, '00004', '00006', SYSDATE);
INSERT INTO SOCIAL_UD.CONTENT (MESSAGE_ID, CONTENT_ID, CONTENT_IMAGE, CONTENT_DESCRIPTION, CONTENT_TYPE_ID, FILE_TYPE)
VALUES (SOCIAL_UD.MESSAGE_ID_SEQ.CURRVAL, 1, EMPTY_BLOB(), 'Recuerden la fecha límite.', '2', NULL);
COMMIT;


--- Inserción de Mensajes para el Grupo 2 (ID: 2 - Grupo de Lectura) ---

-- Mensaje 11 (Inicio de Hilo 2) - Grupo 2
INSERT INTO SOCIAL_UD.MESSAGE (MESSAGE_ID, PARENT_MESSAGE_ID, GROUP_ID, SENDER_USER_ID, RECEIVER_USER_ID, MESSAGE_DATE)
VALUES (SOCIAL_UD.MESSAGE_ID_SEQ.NEXTVAL, NULL, 2, '00002', '00007', SYSDATE);
INSERT INTO SOCIAL_UD.CONTENT (MESSAGE_ID, CONTENT_ID, CONTENT_IMAGE, CONTENT_DESCRIPTION, CONTENT_TYPE_ID, FILE_TYPE)
VALUES (SOCIAL_UD.MESSAGE_ID_SEQ.CURRVAL, 1, EMPTY_BLOB(), 'Qué les pareció el último capítulo?', '2', NULL);

-- Mensaje 12 (Parte de Hilo 2) - Grupo 2
INSERT INTO SOCIAL_UD.MESSAGE (MESSAGE_ID, PARENT_MESSAGE_ID, GROUP_ID, SENDER_USER_ID, RECEIVER_USER_ID, MESSAGE_DATE)
VALUES (SOCIAL_UD.MESSAGE_ID_SEQ.NEXTVAL, (SELECT MAX(MESSAGE_ID) FROM SOCIAL_UD.MESSAGE WHERE GROUP_ID = 2 AND PARENT_MESSAGE_ID IS NULL), 2, '00007', '00002', SYSDATE);
INSERT INTO SOCIAL_UD.CONTENT (MESSAGE_ID, CONTENT_ID, CONTENT_IMAGE, CONTENT_DESCRIPTION, CONTENT_TYPE_ID, FILE_TYPE)
VALUES (SOCIAL_UD.MESSAGE_ID_SEQ.CURRVAL, 1, EMPTY_BLOB(), 'Muy emocionante!', '3', NULL);

-- Mensaje 13 (Parte de Hilo 2) - Grupo 2
INSERT INTO SOCIAL_UD.MESSAGE (MESSAGE_ID, PARENT_MESSAGE_ID, GROUP_ID, SENDER_USER_ID, RECEIVER_USER_ID, MESSAGE_DATE)
VALUES (SOCIAL_UD.MESSAGE_ID_SEQ.NEXTVAL, (SELECT MAX(MESSAGE_ID) FROM SOCIAL_UD.MESSAGE WHERE GROUP_ID = 2 AND PARENT_MESSAGE_ID IS NULL), 2, '00008', '00002', SYSDATE);
INSERT INTO SOCIAL_UD.CONTENT (MESSAGE_ID, CONTENT_ID, CONTENT_IMAGE, CONTENT_DESCRIPTION, CONTENT_TYPE_ID, FILE_TYPE)
VALUES (SOCIAL_UD.MESSAGE_ID_SEQ.CURRVAL, 1, EMPTY_BLOB(), 'Me dejó pensando en el final.', '2', NULL);

-- Mensaje 14 (Imagen) - Grupo 2
INSERT INTO SOCIAL_UD.MESSAGE (MESSAGE_ID, PARENT_MESSAGE_ID, GROUP_ID, SENDER_USER_ID, RECEIVER_USER_ID, MESSAGE_DATE)
VALUES (SOCIAL_UD.MESSAGE_ID_SEQ.NEXTVAL, NULL, 2, '00009', '00010', SYSDATE);
INSERT INTO SOCIAL_UD.CONTENT (MESSAGE_ID, CONTENT_ID, CONTENT_IMAGE, CONTENT_DESCRIPTION, CONTENT_TYPE_ID, FILE_TYPE)
VALUES (SOCIAL_UD.MESSAGE_ID_SEQ.CURRVAL, 1, EMPTY_BLOB(), 'Una ilustración del libro.', '1', 'GIF'); -- Imagen
COMMIT;

-- Mensaje 15 (Archivo) - Grupo 2
INSERT INTO SOCIAL_UD.MESSAGE (MESSAGE_ID, PARENT_MESSAGE_ID, GROUP_ID, SENDER_USER_ID, RECEIVER_USER_ID, MESSAGE_DATE)
VALUES (SOCIAL_UD.MESSAGE_ID_SEQ.NEXTVAL, NULL, 2, '00010', '00001', SYSDATE);
INSERT INTO SOCIAL_UD.CONTENT (MESSAGE_ID, CONTENT_ID, CONTENT_IMAGE, CONTENT_DESCRIPTION, CONTENT_TYPE_ID, FILE_TYPE)
VALUES (SOCIAL_UD.MESSAGE_ID_SEQ.CURRVAL, 1, EMPTY_BLOB(), 'Adjunto un ensayo sobre el tema.', '2', 'PDF'); -- Archivo
COMMIT;

-- Mensaje 16 (Texto) - Grupo 2
INSERT INTO SOCIAL_UD.MESSAGE (MESSAGE_ID, PARENT_MESSAGE_ID, GROUP_ID, SENDER_USER_ID, RECEIVER_USER_ID, MESSAGE_DATE)
VALUES (SOCIAL_UD.MESSAGE_ID_SEQ.NEXTVAL, NULL, 2, '00001', '00002', SYSDATE);
INSERT INTO SOCIAL_UD.CONTENT (MESSAGE_ID, CONTENT_ID, CONTENT_IMAGE, CONTENT_DESCRIPTION, CONTENT_TYPE_ID, FILE_TYPE)
VALUES (SOCIAL_UD.MESSAGE_ID_SEQ.CURRVAL, 1, EMPTY_BLOB(), 'Propongo un nuevo libro para el próximo mes.', '2', NULL);

-- Mensaje 17 (Url) - Grupo 2
INSERT INTO SOCIAL_UD.MESSAGE (MESSAGE_ID, PARENT_MESSAGE_ID, GROUP_ID, SENDER_USER_ID, RECEIVER_USER_ID, MESSAGE_DATE)
VALUES (SOCIAL_UD.MESSAGE_ID_SEQ.NEXTVAL, NULL, 2, '00007', '00008', SYSDATE);
INSERT INTO SOCIAL_UD.CONTENT (MESSAGE_ID, CONTENT_ID, CONTENT_IMAGE, CONTENT_DESCRIPTION, CONTENT_TYPE_ID, FILE_TYPE)
VALUES (SOCIAL_UD.MESSAGE_ID_SEQ.CURRVAL, 1, EMPTY_BLOB(), 'Artículo sobre el autor: http://example.com/autor', '4', NULL);

-- Mensaje 18 (Texto) - Grupo 2
INSERT INTO SOCIAL_UD.MESSAGE (MESSAGE_ID, PARENT_MESSAGE_ID, GROUP_ID, SENDER_USER_ID, RECEIVER_USER_ID, MESSAGE_DATE)
VALUES (SOCIAL_UD.MESSAGE_ID_SEQ.NEXTVAL, NULL, 2, '00008', '00009', SYSDATE);
INSERT INTO SOCIAL_UD.CONTENT (MESSAGE_ID, CONTENT_ID, CONTENT_IMAGE, CONTENT_DESCRIPTION, CONTENT_TYPE_ID, FILE_TYPE)
VALUES (SOCIAL_UD.MESSAGE_ID_SEQ.CURRVAL, 1, EMPTY_BLOB(), 'La trama se puso interesante al final.', '2', NULL);

-- Mensaje 19 (Emoji) - Grupo 2
INSERT INTO SOCIAL_UD.MESSAGE (MESSAGE_ID, PARENT_MESSAGE_ID, GROUP_ID, SENDER_USER_ID, RECEIVER_USER_ID, MESSAGE_DATE)
VALUES (SOCIAL_UD.MESSAGE_ID_SEQ.NEXTVAL, NULL, 2, '00009', '00010', SYSDATE);
INSERT INTO SOCIAL_UD.CONTENT (MESSAGE_ID, CONTENT_ID, CONTENT_IMAGE, CONTENT_DESCRIPTION, CONTENT_TYPE_ID, FILE_TYPE)
VALUES (SOCIAL_UD.MESSAGE_ID_SEQ.CURRVAL, 1, EMPTY_BLOB(), '📖✨', '3', NULL);

-- Mensaje 20 (Video) - Grupo 2
INSERT INTO SOCIAL_UD.MESSAGE (MESSAGE_ID, PARENT_MESSAGE_ID, GROUP_ID, SENDER_USER_ID, RECEIVER_USER_ID, MESSAGE_DATE)
VALUES (SOCIAL_UD.MESSAGE_ID_SEQ.NEXTVAL, NULL, 2, '00010', '00001', SYSDATE);
INSERT INTO SOCIAL_UD.CONTENT (MESSAGE_ID, CONTENT_ID, CONTENT_IMAGE, CONTENT_DESCRIPTION, CONTENT_TYPE_ID, FILE_TYPE)
VALUES (SOCIAL_UD.MESSAGE_ID_SEQ.CURRVAL, 1, EMPTY_BLOB(), 'Resumen en video del capítulo.', '5', 'AVI');
COMMIT;


--- Inserción de Mensajes para el Grupo 3 (ID: 3 - Viajeros del Mundo) ---

-- Mensaje 21 (Inicio de Hilo 3) - Grupo 3
INSERT INTO SOCIAL_UD.MESSAGE (MESSAGE_ID, PARENT_MESSAGE_ID, GROUP_ID, SENDER_USER_ID, RECEIVER_USER_ID, MESSAGE_DATE)
VALUES (SOCIAL_UD.MESSAGE_ID_SEQ.NEXTVAL, NULL, 3, '00003', '00004', SYSDATE);
INSERT INTO SOCIAL_UD.CONTENT (MESSAGE_ID, CONTENT_ID, CONTENT_IMAGE, CONTENT_DESCRIPTION, CONTENT_TYPE_ID, FILE_TYPE)
VALUES (SOCIAL_UD.MESSAGE_ID_SEQ.CURRVAL, 1, EMPTY_BLOB(), 'Próximo destino: ¡Japón!', '2', NULL);

-- Mensaje 22 (Parte de Hilo 3) - Grupo 3
INSERT INTO SOCIAL_UD.MESSAGE (MESSAGE_ID, PARENT_MESSAGE_ID, GROUP_ID, SENDER_USER_ID, RECEIVER_USER_ID, MESSAGE_DATE)
VALUES (SOCIAL_UD.MESSAGE_ID_SEQ.NEXTVAL, (SELECT MAX(MESSAGE_ID) FROM SOCIAL_UD.MESSAGE WHERE GROUP_ID = 3 AND PARENT_MESSAGE_ID IS NULL), 3, '00004', '00003', SYSDATE);
INSERT INTO SOCIAL_UD.CONTENT (MESSAGE_ID, CONTENT_ID, CONTENT_IMAGE, CONTENT_DESCRIPTION, CONTENT_TYPE_ID, FILE_TYPE)
VALUES (SOCIAL_UD.MESSAGE_ID_SEQ.CURRVAL, 1, EMPTY_BLOB(), 'Suena increíble!', '3', NULL);

-- Mensaje 23 (Parte de Hilo 3) - Grupo 3
INSERT INTO SOCIAL_UD.MESSAGE (MESSAGE_ID, PARENT_MESSAGE_ID, GROUP_ID, SENDER_USER_ID, RECEIVER_USER_ID, MESSAGE_DATE)
VALUES (SOCIAL_UD.MESSAGE_ID_SEQ.NEXTVAL, (SELECT MAX(MESSAGE_ID) FROM SOCIAL_UD.MESSAGE WHERE GROUP_ID = 3 AND PARENT_MESSAGE_ID IS NULL), 3, '00005', '00003', SYSDATE);
INSERT INTO SOCIAL_UD.CONTENT (MESSAGE_ID, CONTENT_ID, CONTENT_IMAGE, CONTENT_DESCRIPTION, CONTENT_TYPE_ID, FILE_TYPE)
VALUES (SOCIAL_UD.MESSAGE_ID_SEQ.CURRVAL, 1, EMPTY_BLOB(), 'Qué lugares recomiendan?', '2', NULL);

-- Mensaje 24 (Imagen) - Grupo 3
INSERT INTO SOCIAL_UD.MESSAGE (MESSAGE_ID, PARENT_MESSAGE_ID, GROUP_ID, SENDER_USER_ID, RECEIVER_USER_ID, MESSAGE_DATE)
VALUES (SOCIAL_UD.MESSAGE_ID_SEQ.NEXTVAL, NULL, 3, '00006', '00007', SYSDATE);
INSERT INTO SOCIAL_UD.CONTENT (MESSAGE_ID, CONTENT_ID, CONTENT_IMAGE, CONTENT_DESCRIPTION, CONTENT_TYPE_ID, FILE_TYPE)
VALUES (SOCIAL_UD.MESSAGE_ID_SEQ.CURRVAL, 1, EMPTY_BLOB(), 'Una foto de Kioto que tomé.', '1', 'BMP'); -- Imagen
COMMIT;

-- Mensaje 25 (Archivo) - Grupo 3
INSERT INTO SOCIAL_UD.MESSAGE (MESSAGE_ID, PARENT_MESSAGE_ID, GROUP_ID, SENDER_USER_ID, RECEIVER_USER_ID, MESSAGE_DATE)
VALUES (SOCIAL_UD.MESSAGE_ID_SEQ.NEXTVAL, NULL, 3, '00007', '00008', SYSDATE);
INSERT INTO SOCIAL_UD.CONTENT (MESSAGE_ID, CONTENT_ID, CONTENT_IMAGE, CONTENT_DESCRIPTION, CONTENT_TYPE_ID, FILE_TYPE)
VALUES (SOCIAL_UD.MESSAGE_ID_SEQ.CURRVAL, 1, EMPTY_BLOB(), 'Guía de viaje en PDF.', '2', 'PDF'); -- Archivo
COMMIT;

-- Mensaje 26 (Url) - Grupo 3
INSERT INTO SOCIAL_UD.MESSAGE (MESSAGE_ID, PARENT_MESSAGE_ID, GROUP_ID, SENDER_USER_ID, RECEIVER_USER_ID, MESSAGE_DATE)
VALUES (SOCIAL_UD.MESSAGE_ID_SEQ.NEXTVAL, NULL, 3, '00008', '00009', SYSDATE);
INSERT INTO SOCIAL_UD.CONTENT (MESSAGE_ID, CONTENT_ID, CONTENT_IMAGE, CONTENT_DESCRIPTION, CONTENT_TYPE_ID, FILE_TYPE)
VALUES (SOCIAL_UD.MESSAGE_ID_SEQ.CURRVAL, 1, EMPTY_BLOB(), 'Blog de viajes imperdible: http://example.com/viajes', '4', NULL);

-- Mensaje 27 (Video) - Grupo 3
INSERT INTO SOCIAL_UD.MESSAGE (MESSAGE_ID, PARENT_MESSAGE_ID, GROUP_ID, SENDER_USER_ID, RECEIVER_USER_ID, MESSAGE_DATE)
VALUES (SOCIAL_UD.MESSAGE_ID_SEQ.NEXTVAL, NULL, 3, '00009', '00010', SYSDATE);
INSERT INTO SOCIAL_UD.CONTENT (MESSAGE_ID, CONTENT_ID, CONTENT_IMAGE, CONTENT_DESCRIPTION, CONTENT_TYPE_ID, FILE_TYPE)
VALUES (SOCIAL_UD.MESSAGE_ID_SEQ.CURRVAL, 1, EMPTY_BLOB(), 'Un video de nuestro último viaje.', '5', 'MP4');

-- Mensaje 28 (Texto) - Grupo 3
INSERT INTO SOCIAL_UD.MESSAGE (MESSAGE_ID, PARENT_MESSAGE_ID, GROUP_ID, SENDER_USER_ID, RECEIVER_USER_ID, MESSAGE_DATE)
VALUES (SOCIAL_UD.MESSAGE_ID_SEQ.NEXTVAL, NULL, 3, '00010', '00001', SYSDATE);
INSERT INTO SOCIAL_UD.CONTENT (MESSAGE_ID, CONTENT_ID, CONTENT_IMAGE, CONTENT_DESCRIPTION, CONTENT_TYPE_ID, FILE_TYPE)
VALUES (SOCIAL_UD.MESSAGE_ID_SEQ.CURRVAL, 1, EMPTY_BLOB(), 'No puedo esperar para el próximo viaje.', '2', NULL);

-- Mensaje 29 (Emoji) - Grupo 3
INSERT INTO SOCIAL_UD.MESSAGE (MESSAGE_ID, PARENT_MESSAGE_ID, GROUP_ID, SENDER_USER_ID, RECEIVER_USER_ID, MESSAGE_DATE)
VALUES (SOCIAL_UD.MESSAGE_ID_SEQ.NEXTVAL, NULL, 3, '00001', '00002', SYSDATE);
INSERT INTO SOCIAL_UD.CONTENT (MESSAGE_ID, CONTENT_ID, CONTENT_IMAGE, CONTENT_DESCRIPTION, CONTENT_TYPE_ID, FILE_TYPE)
VALUES (SOCIAL_UD.MESSAGE_ID_SEQ.CURRVAL, 1, EMPTY_BLOB(), '✈️🗺️', '3', NULL);

-- Mensaje 30 (Texto) - Grupo 3
INSERT INTO SOCIAL_UD.MESSAGE (MESSAGE_ID, PARENT_MESSAGE_ID, GROUP_ID, SENDER_USER_ID, RECEIVER_USER_ID, MESSAGE_DATE)
VALUES (SOCIAL_UD.MESSAGE_ID_SEQ.NEXTVAL, NULL, 3, '00002', '00003', SYSDATE);
INSERT INTO SOCIAL_UD.CONTENT (MESSAGE_ID, CONTENT_ID, CONTENT_IMAGE, CONTENT_DESCRIPTION, CONTENT_TYPE_ID, FILE_TYPE)
VALUES (SOCIAL_UD.MESSAGE_ID_SEQ.CURRVAL, 1, EMPTY_BLOB(), 'Alguien más quiere unirse a la planificación?', '2', NULL);
COMMIT;

-- Ajustes de Cuenta
INSERT INTO PROPERTY(PROPERTY_ID, PARENT_PROPERTY_ID, PROPERTY_DESCRIPTION, PROPERTY_VALUE, DEFAULT_VALUE)
VALUES ('1', null, 'Ajustes de Cuenta', null, null);
INSERT INTO PROPERTY(PROPERTY_ID, PARENT_PROPERTY_ID, PROPERTY_DESCRIPTION, PROPERTY_VALUE, DEFAULT_VALUE)
VALUES ('1.1', '1', 'Verificación en dos pasos', '1', '1');
INSERT INTO PROPERTY(PROPERTY_ID, PARENT_PROPERTY_ID, PROPERTY_DESCRIPTION, PROPERTY_VALUE, DEFAULT_VALUE)
VALUES ('1.2', '1', 'Bloqueo con huella dactilar', '1', '1');

-- Ajustes de Privacidad
INSERT INTO PROPERTY(PROPERTY_ID, PARENT_PROPERTY_ID, PROPERTY_DESCRIPTION, PROPERTY_VALUE, DEFAULT_VALUE)
VALUES ('2', null, 'Ajustes de privacidad,', null, null);

-- Hora de última vez
INSERT INTO PROPERTY(PROPERTY_ID, PARENT_PROPERTY_ID, PROPERTY_DESCRIPTION, PROPERTY_VALUE, DEFAULT_VALUE)
VALUES ('2.1', '2', 'Hora de última vez', null, null);
INSERT INTO PROPERTY(PROPERTY_ID, PARENT_PROPERTY_ID, PROPERTY_DESCRIPTION, PROPERTY_VALUE, DEFAULT_VALUE)
VALUES ('2.1.1', '2.1', 'Todos', '1', '1');
INSERT INTO PROPERTY(PROPERTY_ID, PARENT_PROPERTY_ID, PROPERTY_DESCRIPTION, PROPERTY_VALUE, DEFAULT_VALUE)
VALUES ('2.1.2', '2.1', 'Mis contactos', '1', null);
INSERT INTO PROPERTY(PROPERTY_ID, PARENT_PROPERTY_ID, PROPERTY_DESCRIPTION, PROPERTY_VALUE, DEFAULT_VALUE)
VALUES ('2.1.3', '2.1', 'Mis contactos, excepto...', '1', null);
INSERT INTO PROPERTY(PROPERTY_ID, PARENT_PROPERTY_ID, PROPERTY_DESCRIPTION, PROPERTY_VALUE, DEFAULT_VALUE)
VALUES ('2.1.4', '2.1', 'Nadie', '1', null);

-- Estado en linea
INSERT INTO PROPERTY(PROPERTY_ID, PARENT_PROPERTY_ID, PROPERTY_DESCRIPTION, PROPERTY_VALUE, DEFAULT_VALUE)
VALUES ('2.2', '2', 'Estado en linea', null, null);
INSERT INTO PROPERTY(PROPERTY_ID, PARENT_PROPERTY_ID, PROPERTY_DESCRIPTION, PROPERTY_VALUE, DEFAULT_VALUE)
VALUES ('2.2.1', '2.2', 'Todos', '1', '1');
INSERT INTO PROPERTY(PROPERTY_ID, PARENT_PROPERTY_ID, PROPERTY_DESCRIPTION, PROPERTY_VALUE, DEFAULT_VALUE)
VALUES ('2.2.2', '2.2', 'Mis contactos', '1', null);
INSERT INTO PROPERTY(PROPERTY_ID, PARENT_PROPERTY_ID, PROPERTY_DESCRIPTION, PROPERTY_VALUE, DEFAULT_VALUE)
VALUES ('2.2.3', '2.2', 'Mis contactos, excepto...', '1', null);
INSERT INTO PROPERTY(PROPERTY_ID, PARENT_PROPERTY_ID, PROPERTY_DESCRIPTION, PROPERTY_VALUE, DEFAULT_VALUE)
VALUES ('2.2.4', '2.2', 'Nadie', '1', null);

-- Foto de perfil
INSERT INTO PROPERTY(PROPERTY_ID, PARENT_PROPERTY_ID, PROPERTY_DESCRIPTION, PROPERTY_VALUE, DEFAULT_VALUE)
VALUES ('2.3', '2', 'Foto de perfil', null, '1');
INSERT INTO PROPERTY(PROPERTY_ID, PARENT_PROPERTY_ID, PROPERTY_DESCRIPTION, PROPERTY_VALUE, DEFAULT_VALUE)
VALUES ('2.3.1', '2.3', 'Todos', '1', '1');
INSERT INTO PROPERTY(PROPERTY_ID, PARENT_PROPERTY_ID, PROPERTY_DESCRIPTION, PROPERTY_VALUE, DEFAULT_VALUE)
VALUES ('2.3.2', '2.3', 'Mis contactos', '1', null);
INSERT INTO PROPERTY(PROPERTY_ID, PARENT_PROPERTY_ID, PROPERTY_DESCRIPTION, PROPERTY_VALUE, DEFAULT_VALUE)
VALUES ('2.3.3', '2.3', 'Mis contactos, excepto...', '1', null);
INSERT INTO PROPERTY(PROPERTY_ID, PARENT_PROPERTY_ID, PROPERTY_DESCRIPTION, PROPERTY_VALUE, DEFAULT_VALUE)
VALUES ('2.3.4', '2.3', 'Nadie', '1', null);

-- Info
INSERT INTO PROPERTY(PROPERTY_ID, PARENT_PROPERTY_ID, PROPERTY_DESCRIPTION, PROPERTY_VALUE, DEFAULT_VALUE)
VALUES ('2.4', '2', 'Info', null, null);
INSERT INTO PROPERTY(PROPERTY_ID, PARENT_PROPERTY_ID, PROPERTY_DESCRIPTION, PROPERTY_VALUE, DEFAULT_VALUE)
VALUES ('2.4.1', '2.4', 'Todos', '1', '1');
INSERT INTO PROPERTY(PROPERTY_ID, PARENT_PROPERTY_ID, PROPERTY_DESCRIPTION, PROPERTY_VALUE, DEFAULT_VALUE)
VALUES ('2.4.2', '2.4', 'Mis contactos', '1', null);
INSERT INTO PROPERTY(PROPERTY_ID, PARENT_PROPERTY_ID, PROPERTY_DESCRIPTION, PROPERTY_VALUE, DEFAULT_VALUE)
VALUES ('2.4.3', '2.4', 'Mis contactos, excepto...', '1', null);
INSERT INTO PROPERTY(PROPERTY_ID, PARENT_PROPERTY_ID, PROPERTY_DESCRIPTION, PROPERTY_VALUE, DEFAULT_VALUE)
VALUES ('2.4.4', '2.4', 'Nadie', '1', null);

-- Estado
INSERT INTO PROPERTY(PROPERTY_ID, PARENT_PROPERTY_ID, PROPERTY_DESCRIPTION, PROPERTY_VALUE, DEFAULT_VALUE)
VALUES ('2.5', '2', 'Estado', null, null);
INSERT INTO PROPERTY(PROPERTY_ID, PARENT_PROPERTY_ID, PROPERTY_DESCRIPTION, PROPERTY_VALUE, DEFAULT_VALUE)
VALUES ('2.5.1', '2.5', 'Todos', '1', '1');
INSERT INTO PROPERTY(PROPERTY_ID, PARENT_PROPERTY_ID, PROPERTY_DESCRIPTION, PROPERTY_VALUE, DEFAULT_VALUE)
VALUES ('2.5.2', '2.5', 'Mis contactos', '1', null);
INSERT INTO PROPERTY(PROPERTY_ID, PARENT_PROPERTY_ID, PROPERTY_DESCRIPTION, PROPERTY_VALUE, DEFAULT_VALUE)
VALUES ('2.5.3', '2.5', 'Mis contactos, excepto...', '1', null);
INSERT INTO PROPERTY(PROPERTY_ID, PARENT_PROPERTY_ID, PROPERTY_DESCRIPTION, PROPERTY_VALUE, DEFAULT_VALUE)
VALUES ('2.5.4', '2.5', 'Nadie', '1', null);

-- Confirmaciones de Lectura
INSERT INTO PROPERTY(PROPERTY_ID, PARENT_PROPERTY_ID, PROPERTY_DESCRIPTION, PROPERTY_VALUE, DEFAULT_VALUE)
VALUES ('2.6', '2', 'Confirmaciones de Lectura', null, null);
INSERT INTO PROPERTY(PROPERTY_ID, PARENT_PROPERTY_ID, PROPERTY_DESCRIPTION, PROPERTY_VALUE, DEFAULT_VALUE)
VALUES ('2.6.1', '2.6', 'Todos', '1', '1');
INSERT INTO PROPERTY(PROPERTY_ID, PARENT_PROPERTY_ID, PROPERTY_DESCRIPTION, PROPERTY_VALUE, DEFAULT_VALUE)
VALUES ('2.6.2', '2.6', 'Mis contactos', '1', null);
INSERT INTO PROPERTY(PROPERTY_ID, PARENT_PROPERTY_ID, PROPERTY_DESCRIPTION, PROPERTY_VALUE, DEFAULT_VALUE)
VALUES ('2.6.3', '2.6', 'Mis contactos, excepto...', '1', null);
INSERT INTO PROPERTY(PROPERTY_ID, PARENT_PROPERTY_ID, PROPERTY_DESCRIPTION, PROPERTY_VALUE, DEFAULT_VALUE)
VALUES ('2.6.4', '2.6', 'Nadie', '1', null);

-- Grupos
INSERT INTO PROPERTY(PROPERTY_ID, PARENT_PROPERTY_ID, PROPERTY_DESCRIPTION, PROPERTY_VALUE, DEFAULT_VALUE)
VALUES ('2.7', '2', 'Grupos', null, null);
INSERT INTO PROPERTY(PROPERTY_ID, PARENT_PROPERTY_ID, PROPERTY_DESCRIPTION, PROPERTY_VALUE, DEFAULT_VALUE)
VALUES ('2.7.1', '2.7', 'Todos', '1', '1');
INSERT INTO PROPERTY(PROPERTY_ID, PARENT_PROPERTY_ID, PROPERTY_DESCRIPTION, PROPERTY_VALUE, DEFAULT_VALUE)
VALUES ('2.7.2', '2.7', 'Mis contactos', '1', null);
INSERT INTO PROPERTY(PROPERTY_ID, PARENT_PROPERTY_ID, PROPERTY_DESCRIPTION, PROPERTY_VALUE, DEFAULT_VALUE)
VALUES ('2.7.3', '2.7', 'Mis contactos, excepto...', '1', null);
INSERT INTO PROPERTY(PROPERTY_ID, PARENT_PROPERTY_ID, PROPERTY_DESCRIPTION, PROPERTY_VALUE, DEFAULT_VALUE)
VALUES ('2.7.4', '2.7', 'Nadie', '1', null);

-- Ubicación en tiempo real
INSERT INTO PROPERTY(PROPERTY_ID, PARENT_PROPERTY_ID, PROPERTY_DESCRIPTION, PROPERTY_VALUE, DEFAULT_VALUE)
VALUES ('2.8', '2', 'Ubicación en tiempo real', null, null);
INSERT INTO PROPERTY(PROPERTY_ID, PARENT_PROPERTY_ID, PROPERTY_DESCRIPTION, PROPERTY_VALUE, DEFAULT_VALUE)
VALUES ('2.8.1', '2.8', 'Todos', '1', '1');
INSERT INTO PROPERTY(PROPERTY_ID, PARENT_PROPERTY_ID, PROPERTY_DESCRIPTION, PROPERTY_VALUE, DEFAULT_VALUE)
VALUES ('2.8.2', '2.8', 'Mis contactos', '1', null);
INSERT INTO PROPERTY(PROPERTY_ID, PARENT_PROPERTY_ID, PROPERTY_DESCRIPTION, PROPERTY_VALUE, DEFAULT_VALUE)
VALUES ('2.8.3', '2.8', 'Mis contactos, excepto...', '1', null);
INSERT INTO PROPERTY(PROPERTY_ID, PARENT_PROPERTY_ID, PROPERTY_DESCRIPTION, PROPERTY_VALUE, DEFAULT_VALUE)
VALUES ('2.8.4', '2.8', 'Nadie', '1', null);

-- Ajustes de Chat
INSERT INTO PROPERTY(PROPERTY_ID, PARENT_PROPERTY_ID, PROPERTY_DESCRIPTION, PROPERTY_VALUE, DEFAULT_VALUE)
VALUES ('2.9', '2', 'Ajustes de chat', null, null);

INSERT INTO PROPERTY(PROPERTY_ID, PARENT_PROPERTY_ID, PROPERTY_DESCRIPTION, PROPERTY_VALUE, DEFAULT_VALUE)
VALUES ('2.9.1', '2.9', 'Fuente', 'Arial', null);
INSERT INTO PROPERTY(PROPERTY_ID, PARENT_PROPERTY_ID, PROPERTY_DESCRIPTION, PROPERTY_VALUE, DEFAULT_VALUE)
VALUES ('2.9.2', '2.9', 'Tamaño de fuente', '12', null);

INSERT INTO PROPERTY(PROPERTY_ID, PARENT_PROPERTY_ID, PROPERTY_DESCRIPTION, PROPERTY_VALUE, DEFAULT_VALUE)
VALUES ('2.10', '2', 'Ajustes de almacenamiento y datos', null, null);
INSERT INTO PROPERTY(PROPERTY_ID, PARENT_PROPERTY_ID, PROPERTY_DESCRIPTION, PROPERTY_VALUE, DEFAULT_VALUE)
VALUES ('2.10.1', '2.10', 'Espacio', '5.40 MB', null);
INSERT INTO PROPERTY(PROPERTY_ID, PARENT_PROPERTY_ID, PROPERTY_DESCRIPTION, PROPERTY_VALUE, DEFAULT_VALUE)
VALUES ('2.10.2', '2.10', 'WiFi', '1', null);

INSERT INTO PROPERTY(PROPERTY_ID, PARENT_PROPERTY_ID, PROPERTY_DESCRIPTION, PROPERTY_VALUE, DEFAULT_VALUE)
VALUES ('2.11', '2', 'Ajustes de ayuda', '1', null);

COMMIT;